{"epoch":0,"pearson":0.5115859857910122,"kendall":0.3482875020228648,"_wandb":{"runtime":137},"_runtime":137,"_step":0,"spearman":0.47319779850997634,"trainer/global_step":0,"_timestamp":1.7756863241090753e+09}