{"kendall":0.3482875020228648,"_step":0,"trainer/global_step":0,"_wandb":{"runtime":141},"spearman":0.47319779850997634,"epoch":0,"pearson":0.5115859857910122,"_runtime":141,"_timestamp":1.7756852513197894e+09}